{
    "a": 0.1085,
    "b": 0.0105,
    "c": 0.043,
    "d": 0.0339,
    "e": 0.1149,
    "f": 0.0101,
    "g": 0.0165,
    "h": 0.0143,
    "i": 0.1018,
    "l": 0.057,
    "m": 0.0287,
    "n": 0.0702,
    "o": 0.09970000000000001,
    "p": 0.0296,
    "q": 0.0045000000000000005,
    "r": 0.061900000000000004,
    "s": 0.0548,
    "t": 0.0697,
    "u": 0.0316,
    "v": 0.0175,
    "z": 0.0085
}